{
  "summary": {
    "recall": 0.12,
    "latency": 0.019795958000031533
  },
  "weighted": {
    "recall": 0.12,
    "latency": 0.018973001000176737
  }
}
